[
  {
    "model": "users.user",
    "pk": "399d988f-7e53-4f65-9095-da8ae5fbb4c9",
    "fields": {
      "password": "pbkdf2_sha256$260000$qm5hjAGWzhvXjPcPvaWf9P$ULJCBMgUcU2BtTkVNG8dSL20cI8AOs2F5aKgAj2s140=",
      "last_login": "2021-10-08T15:10:16.032Z",
      "is_superuser": true,
      "first_name": "STA",
      "last_name": "Webmaster",
      "is_staff": true,
      "is_active": true,
      "date_joined": "2021-10-08T15:05:47Z",
      "email": "webmaster@bristolsta.com",
      "groups": [],
      "user_permissions": []
    }
  },
  {
    "model": "images.image",
    "pk": 1,
    "fields": {
      "file": "e2eImages/400x566.png",
      "alt_text": "Poster"
    }
  },
  {
    "model": "images.image",
    "pk": 2,
    "fields": {
      "file": "e2eImages/500x500.png",
      "alt_text": "Logo"
    }
  },
  {
    "model": "images.image",
    "pk": 3,
    "fields": {
      "file": "e2eImages/1920x960.png",
      "alt_text": "Banner"
    }
  },
  {
    "model": "images.image",
    "pk": 4,
    "fields": {
      "file": "Dramsoc_Logo_WB.png",
      "alt_text": "dramsoc-logo"
    }
  },
  {
    "model": "images.image",
    "pk": 5,
    "fields": {
      "file": "Dramsoc_Banner2.png",
      "alt_text": "dramsoc-banner"
    }
  },
  {
    "model": "images.image",
    "pk": 6,
    "fields": {
      "file": "MTB1080.png",
      "alt_text": "MTB-logo"
    }
  },
  {
    "model": "images.image",
    "pk": 7,
    "fields": {
      "file": "MTB_Banner.png",
      "alt_text": "MTB-banner"
    }
  },
  {
    "model": "images.image",
    "pk": 8,
    "fields": {
      "file": "sta-logo.png",
      "alt_text": null
    }
  },
  {
    "model": "images.image",
    "pk": 9,
    "fields": {
      "file": "pros-arch-lit_2jX8wy1.jpg",
      "alt_text": null
    }
  },
  {
    "model": "images.image",
    "pk": 10,
    "fields": {
      "file": "placeholder-homepage-splash_gV828vj.jpg",
      "alt_text": null
    }
  },
  {
    "model": "images.image",
    "pk": 11,
    "fields": {
      "file": "legally-poster.png",
      "alt_text": null
    }
  },
  {
    "model": "images.image",
    "pk": 12,
    "fields": {
      "file": "legally-banner_4zqgacX.png",
      "alt_text": null
    }
  },
  {
    "model": "images.image",
    "pk": 13,
    "fields": {
      "file": "soclogo-2.png",
      "alt_text": null
    }
  },
  {
    "model": "images.image",
    "pk": 14,
    "fields": {
      "file": "spotlights-logo.jpg",
      "alt_text": null
    }
  },
  {
    "model": "images.image",
    "pk": 15,
    "fields": {
      "file": "bops_logo_spacious.png",
      "alt_text": null
    }
  },
  {
    "model": "images.image",
    "pk": 16,
    "fields": {
      "file": "dance-logo.jpeg",
      "alt_text": null
    }
  },
  {
    "model": "images.image",
    "pk": 17,
    "fields": {
      "file": "improv.png",
      "alt_text": null
    }
  },
  {
    "model": "images.image",
    "pk": 18,
    "fields": {
      "file": "UoB_A_Cappella_logo_-_large.png",
      "alt_text": null
    }
  },
  {
    "model": "images.image",
    "pk": 19,
    "fields": {
      "file": "revunions.PNG",
      "alt_text": null
    }
  },
  {
    "model": "addresses.address",
    "pk": 1,
    "fields": {
      "building_name": "First Floor, Bristol SU",
      "building_number": "105",
      "street": "Queens Road",
      "city": "Bristol",
      "postcode": "BS8 1LN",
      "latitude": 51.456224,
      "longitude": -2.6123574
    }
  },
  {
    "model": "venues.venue",
    "pk": 1,
    "fields": {
      "created_at": "2020-11-11T12:04:32Z",
      "updated_at": "2021-09-23T18:07:59.050Z",
      "name": "The Winston Theatre",
      "internal_capacity": 207,
      "description": "<p style=\"text-align: left; margin-left: 0px!important;\">The Winston Theatre, named after former Chancellor Winston Churchill, is the University of Bristol Students' Union's flagship venue, and the home of Bristol student theatre since 1965.</p><p style=\"text-align: left; margin-left: 0px!important;\">A traditional proscenium arch theatre with dressing rooms, flexible orchestra pit and apron stage, permanent cyclorama, winched lighting bars and versatile hemp bars. The theatre features 204 fixed saleable seats.</p><p style=\"text-align: left; margin-left: 0px!important;\">For technical specification please contact the Stage Technicians' Association</p><p style=\"text-align: left; margin-left: 0px!important;\">The theatre is sometimes available for private hire. See the Bristol SU Website for more information.</p><h2 style=\"text-align: left; margin-left: 0px!important;\">Accessibility</h2><p style=\"text-align: left; margin-left: 0px!important;\">Two wheelchair spaces at rear of auditorium. Lift access to box office (1st Floor) and wheelchair spaces (2nd Floor). Building access via wheelchair ramp; one disabled parking space.</p><p style=\"text-align: left; margin-left: 0px!important;\">Assistance available from front-of-house staff. Please email tickets@uobtheatre.com in advance to let us know of any particular requirements which we will do our best to cater for.</p>",
      "address": 1,
      "image": 3,
      "publicly_listed": true,
      "slug": "the-winston-theatre"
    }
  },
  {
    "model": "venues.venue",
    "pk": 2,
    "fields": {
      "created_at": "2020-11-11T12:04:32Z",
      "updated_at": "2021-09-23T14:16:41.895Z",
      "name": "The Pegg Theatre",
      "internal_capacity": 80,
      "description": "<p style=\"text-align: left; margin-left: 0px!important;\">The Pegg Studio Theatre is a flexible black box studio space, sited on the first floor of the Students' Union. The 80 seater venue can host a wide variety of performances, from traditional setups to theatre in the round.</p><p style=\"text-align: left; margin-left: 0px!important;\">For technical specifications please contact the Stage Technicians' Association. The theatre is sometimes available for private hire - please contact the Bristol SU Events Team for more information.</p>",
      "address": 1,
      "image": 3,
      "publicly_listed": true,
      "slug": "the-pegg-theatre"
    }
  },
  {
    "model": "venues.venue",
    "pk": 3,
    "fields": {
      "created_at": "2020-11-11T12:04:32Z",
      "updated_at": "2021-09-23T14:18:03.555Z",
      "name": "The Anson Rooms",
      "internal_capacity": 1000,
      "description": "<p style=\"text-align: left; margin-left: 0px!important;\">The Anson Room, named after 18th Century Admiral George Anson, is a large multipurpose hall, used for touring gigs, special events and occasionally student performances</p><p style=\"text-align: left; margin-left: 0px!important;\">Features a large high stage, high ceiling, and adjoining bar. Seated capacity 500, standing 1150.</p><p style=\"text-align: left; margin-left: 0px!important;\">The Anson Room is available for private hire. See the Bristol SU Website for more information.</p>",
      "address": 1,
      "image": 3,
      "publicly_listed": true,
      "slug": "anson-rooms"
    }
  },
  {
    "model": "venues.seatgroup",
    "pk": 1,
    "fields": {
      "name": "Winston Theatre",
      "description": "",
      "venue": 1,
      "capacity": 207,
      "seats": null,
      "is_internal": true
    }
  },
  {
    "model": "venues.seatgroup",
    "pk": 4,
    "fields": {
      "name": "Pegg Theatre",
      "description": "",
      "venue": 2,
      "capacity": 80,
      "seats": null,
      "is_internal": true
    }
  },
  {
    "model": "venues.seatgroup",
    "pk": 5,
    "fields": {
      "name": "Seated Anson Rooms",
      "description": "",
      "venue": 3,
      "capacity": 500,
      "seats": null,
      "is_internal": true
    }
  },
  {
    "model": "venues.seatgroup",
    "pk": 6,
    "fields": {
      "name": "Standing Anson Rooms",
      "description": "",
      "venue": 3,
      "capacity": 1150,
      "seats": null,
      "is_internal": true
    }
  },
  {
    "model": "societies.society",
    "pk": 1,
    "fields": {
      "created_at": "2021-03-17T21:20:10.644Z",
      "updated_at": "2021-10-08T14:30:19.790Z",
      "name": "Stage Technicians Association",
      "slug": "stage-technicians-association",
      "description": "<p style=\"text-align: left; margin-left: 0px!important;\">A friendly, fun and FREE society for anyone who enjoys the \"dark side\" of theatre!</p><p style=\"text-align: left; margin-left: 0px!important;\">We design, rig and crew Union shows, so whether you're interested in stage management, lighting, sound or even carpentry; whether you have years' experience or none; we are the society for you! Find us always in the theatre...</p>",
      "logo": 8,
      "banner": 9,
      "website": "http://bristolsta.com",
      "contact": "committee@bristolsta.com",
      "members": []
    }
  },
  {
    "model": "societies.society",
    "pk": 2,
    "fields": {
      "created_at": "2021-09-23T14:24:53.278Z",
      "updated_at": "2021-09-25T14:50:20.222Z",
      "name": "Dramsoc",
      "slug": "dramsoc",
      "description": "<p style=\"text-align: left; margin-left: 0px!important;\">Dramsoc is the University of Bristol's longest running, largest and most prestigious performing arts society. Committed to student theatre, our aim is to nurture talent, produce high quality productions and cultivate a welcoming and inclusive environment.</p><p style=\"text-align: left; margin-left: 0px!important;\">We offer a wide variety of activities for our members including shows, workshops, schemes and socials.</p><p style=\"text-align: left; margin-left: 0px!important;\">We put on an average of 6 shows a year inside the Student’s Union and at external venues. This means that there are a variety of spaces available to you as a Dramsoc member – from the huge Winston Theatre or Pegg Studio within the Union, to the reputable Tobacco Factory or the atmospheric Lost Horizons. We always look to expand the range of opportunities available to our members. From showcases to an assortment of workshops and socials, involvement with Dramsoc always guarantees a chance for something new and fun. Moving further afield, we also fund teams to go to the Edinburgh Fringe Festival every summer.</p><p style=\"text-align: left; margin-left: 0px!important;\">Everyone is welcome at the many auditions we run throughout the year and absolutely anyone can propose for a slot to put on anything of their choosing, securing the funding on offer. This means that no two shows are the same and that there is opportunity to get involved on whatever level you would like.</p>",
      "logo": 4,
      "banner": 5,
      "website": "https://www.bristoldramasociety.co.uk/",
      "contact": "bristoldramsoc@gmail.com",
      "members": []
    }
  },
  {
    "model": "societies.society",
    "pk": 3,
    "fields": {
      "created_at": "2021-09-23T14:27:39.919Z",
      "updated_at": "2021-10-08T14:22:11.633Z",
      "name": "Musical Theatre Bristol",
      "slug": "musical-theatre-bristol",
      "description": "<p style=\"text-align: left; margin-left: 0px!important;\">Music Theatre Bristol is one of the university’s biggest performing arts societies. Every year we put on two shows in the 200-seater&nbsp;<em>Winston Theatre</em>. The first, Showcase,&nbsp;features&nbsp;extracts from six&nbsp;different musicals,&nbsp;and is the biggest show of the year with a cast of nearly 70 performers. Additionally, we produce&nbsp;full-length musicals, with our most recent productions including LEGALLY BLONDE, CHICAGO and RENT,&nbsp;as well as&nbsp;48 Hour Musicals,&nbsp;themed&nbsp;cabarets throughout the year and we hope to send a team up to Edinburgh Fringe! We will be hosting a&nbsp;Newbies' Cabaret, providing opportunities for those new to MTB to try their hand at directing, choreographing, and producing, as well as performing alongside other freshers!</p><p style=\"text-align: left; margin-left: 0px!important;\">The shows we put on are proposed and voted for by our members, and we pride ourselves on having a great reputation within the performing arts scene.&nbsp;We have both auditioned and un-auditioned productions and initiatives,&nbsp;allowing anyone who loves musical theatre&nbsp;to build upon their performance skills, learn new songs and dances, and meet lots of people.</p><p style=\"text-align: left; margin-left: 0px!important;\"><strong>Whether you're a performer, musician, composer, or are interested in production, you can be sure of finding your feet in MTB.</strong></p>",
      "logo": 6,
      "banner": 7,
      "website": "http://www.musictheatrebristol.com",
      "contact": "president@musictheatrebristol.com",
      "members": []
    }
  },
  {
    "model": "societies.society",
    "pk": 4,
    "fields": {
      "created_at": "2021-09-23T14:28:19.529Z",
      "updated_at": "2021-10-08T14:35:17.844Z",
      "name": "PantoSoc",
      "slug": "pantosoc",
      "description": "<p style=\"text-align: left; margin-left: 0px!important;\">Everyone is guaranteed a part! We perform several pantomimes a year, including our epic Christmas show and our Panto-in-a-day, all written by society members.</p><p style=\"text-align: left; margin-left: 0px!important;\">If you want to get involved in Bristol's friendliest society, whether it's on stage, backstage or enjoying crazy socials, then this is the place for you!</p>",
      "logo": 13,
      "banner": 3,
      "website": "https://bristolpantosoc.wixsite.com/pantosoc",
      "contact": "pantosocks@gmail.com",
      "members": []
    }
  },
  {
    "model": "societies.society",
    "pk": 5,
    "fields": {
      "created_at": "2021-09-23T14:28:52.093Z",
      "updated_at": "2021-10-08T14:36:37.210Z",
      "name": "Spotlights",
      "slug": "spotlights",
      "description": "<p style=\"text-align: left; margin-left: 0px!important;\">Spotlights specialises in taking risks, finding challenges and discovering new talent. Whether you enjoy writing, directing, performing or the process of devising a piece of theatre, Spotlights is here to encourage, and make sure that you are able to create whatever the vision is that you have in your mind!</p>",
      "logo": 14,
      "banner": 3,
      "website": "https://www.bristolsu.org.uk/groups/spotlights",
      "contact": "bristolspotlights@gmail.com",
      "members": []
    }
  },
  {
    "model": "societies.society",
    "pk": 6,
    "fields": {
      "created_at": "2021-09-23T14:29:53.299Z",
      "updated_at": "2021-10-08T14:40:36.913Z",
      "name": "BOpS",
      "slug": "bops",
      "description": "<p style=\"text-align: left; margin-left: 0px!important;\">Bristol University Operatic Society provides unmissable&nbsp;opportunities for students to discover the world of opera!&nbsp;We produce three full-scale operas each year: an annual production in term two,&nbsp;and two smaller works in term one as part of our annual opera festival, BOpSFest. This offers our talented members the opportunity to showcase smaller scale works and take part in outreach and enrichment activities. We also put on a show or concert during third term, to celebrate the end of the BOpS year. We are always on the lookout for singers, instrumentalists, conductors and directors.</p>",
      "logo": 15,
      "banner": 3,
      "website": "https://www.bristoluniversityoperaticsociety.com",
      "contact": "president.bops@gmail.com",
      "members": []
    }
  },
  {
    "model": "societies.society",
    "pk": 7,
    "fields": {
      "created_at": "2021-09-23T14:31:38.089Z",
      "updated_at": "2021-10-08T14:39:38.136Z",
      "name": "Dance Society",
      "slug": "dance-society",
      "description": "<p style=\"text-align: left; margin-left: 0px!important;\">If you want to learn how to dance, try a new style, or continue honing your skills, dance society is for you. We run professionally taught classes in over 10 different styles and welcome all levels. The society holds an annual dance show, charity workshops as well as a variety of great social events! If you’re interested in a more competitive option, we also have competition teams which compete around the country!</p><p style=\"text-align: left; margin-left: 0px!important;\"></p><p style=\"text-align: left; margin-left: 0px!important;\">UoB Dance Society offers members a full weekly time-table of professionally-led dance classes for all interests and abilities. The society holds a massive annual dance show, additional to smaller performances and competition opportunities. UoB Dance Society enjoys an enthusiastic atmosphere encouraged by various socials arranged throughout the year.</p>",
      "logo": 16,
      "banner": 3,
      "website": "https://www.bristolsu.org.uk/groups/dance-society-1045",
      "contact": "bristoldancesoc@gmail.com",
      "members": []
    }
  },
  {
    "model": "societies.society",
    "pk": 8,
    "fields": {
      "created_at": "2021-09-23T15:49:51.446Z",
      "updated_at": "2021-10-08T14:38:38.639Z",
      "name": "Bristol Improv",
      "slug": "improvsoc",
      "description": "<p style=\"text-align: left; margin-left: 0px!important;\">Bristol Improv are&nbsp;the University of Bristol’s improvised comedy society. We host&nbsp;shows, scratch nights, workshops and events featuring improv comedy with the aim to build a fun and exciting comedy community for students here at the University, with no previous experience required!</p><p style=\"text-align: left; margin-left: 0px!important;\">We're all about improvisation; improvised comedy in particular - running workshops to help give you the skills, and putting on shows to give you the thrills. If you love comedy, drama or spontaneity, we're the society for you!</p>",
      "logo": 17,
      "banner": 3,
      "website": "http://www.bristolimprov.co.uk/",
      "contact": "improvbristol@gmail.com",
      "members": []
    }
  },
  {
    "model": "societies.society",
    "pk": 9,
    "fields": {
      "created_at": "2021-09-23T15:51:00.421Z",
      "updated_at": "2021-10-08T14:43:07.531Z",
      "name": "A Cappella",
      "slug": "a-cappella",
      "description": "<p style=\"text-align: left; margin-left: 0px!important;\">University of Bristol A Cappella Society&nbsp;is&nbsp;one of the&nbsp;biggest,&nbsp;most active&nbsp;societies at the University of Bristol. With 9&nbsp;different groups under our umbrella, there’s always something coming up, whether that be a show, a social or simply a pub trip.We cater to anyone who wants to sing a cappella – whether this is in a big chorus, in a 4 person quartet or anything in between! We’ll also provide anyone who wants to set up their own group the advice and resources that they’ll need to get going. We recently welcomed Rebound (our auditioned alumni group) into the society.</p>",
      "logo": 18,
      "banner": 3,
      "website": "http://www.uobacappella.org.uk/",
      "contact": "contact@uobacappella.org.uk",
      "members": []
    }
  },
  {
    "model": "societies.society",
    "pk": 10,
    "fields": {
      "created_at": "2021-09-23T15:51:51.028Z",
      "updated_at": "2021-10-08T14:43:41.130Z",
      "name": "Revunions",
      "slug": "revunions",
      "description": "<p style=\"text-align: left; margin-left: 0px!important;\">The South-West's Comedy Crèche. We write, direct and perform our own sketch comedy. If you fancy getting involved, come along to our weekly workshops and join us in creating brand new sketches. We do lots of shows and every year take two up to the Edinburgh Festival Fringe. We also host many scratch nights, giving budding non-sketch comedians the chance to perform with us as well, so whatever kind of comedy you're into, there's loads of opportunity to get involved. Become a member with the Bristol Revunions to be kept up to date with all of this and more.</p><p style=\"text-align: start; margin-left: 0px!important;\">Twitter:&nbsp;<strong>@BrisRevunions</strong></p>",
      "logo": 19,
      "banner": 3,
      "website": "http://www.bristolrevunions.com/",
      "contact": "revunions@gmail.com",
      "members": []
    }
  },
  {
    "model": "productions.crewrole",
    "pk": 1,
    "fields": {
      "name": "CLX",
      "department": "lighting"
    }
  },
  {
    "model": "productions.crewrole",
    "pk": 2,
    "fields": {
      "name": "Stage Manager",
      "department": "stage_management"
    }
  },
  {
    "model": "productions.crewrole",
    "pk": 3,
    "fields": {
      "name": "Sound Designer",
      "department": "sound"
    }
  },
  {
    "model": "productions.ContentWarning",
    "pk": 1,
    "fields": {
      "description": "Strobe"
    }
  },
  {
    "model": "productions.ContentWarning",
    "pk": 2,
    "fields": {
      "description": "Nudity"
    }
  },
  {
    "model": "productions.ContentWarning",
    "pk": 3,
    "fields": {
      "description": "Pyro"
    }
  },
  {
    "model": "productions.ContentWarning",
    "pk": 4,
    "fields": {
      "description": "Strong language"
    }
  },
  {
    "model": "productions.ContentWarning",
    "pk": 5,
    "fields": {
      "description": "Sex refrences"
    }
  },
  {
    "model": "productions.ContentWarning",
    "pk": 6,
    "fields": {
      "description": "It is illegal to use recording equipment during this performance"
    }
  },
  {
    "model": "productions.production",
    "pk": 1,
    "fields": {
      "created_at": "2021-09-23T15:56:25.998Z",
      "updated_at": "2021-10-08T14:29:56.829Z",
      "name": "Legally Blonde",
      "subtitle": null,
      "description": "<p style=\"text-align: left; margin-left: 0px!important;\">Music Theatre Bristol are bending and snapping our way to the Winston Theatre this February with the first of our main shows: Legally Blonde! </p><p style=\"text-align: left; margin-left: 0px!important;\">Based on the 2001 film, Legally Blonde tells the story of Elle Woods – a sorority girl who follows love all the way to Harvard Law only to achieve more than anyone thought she was capable of! With only five performances be sure to get your tickets fast to avoid disappointment!</p>",
      "society": 3,
      "cover_image": 10,
      "poster_image": 11,
      "featured_image": 12,
      "status": "COMPLETE",
      "age_rating": 16,
      "facebook_event": null,
      "slug": "legally-blonde",
      "warnings": [
        4,
        5,
        6
      ]
    }
  },
  {
    "model": "productions.production",
    "pk": 2,
    "fields": {
      "created_at": "2021-09-23T16:15:07.784Z",
      "updated_at": "2021-10-08T14:29:29.744Z",
      "name": "Present Laughter",
      "subtitle": null,
      "description": "<p style=\"text-align: left; margin-left: 0px!important;\">Present Laughter</p>",
      "society": 2,
      "cover_image": 3,
      "poster_image": 1,
      "featured_image": 3,
      "status": "PUBLISHED",
      "age_rating": null,
      "facebook_event": null,
      "slug": "present-laughter",
      "warnings": [
        4
      ]
    }
  },
  {
    "model": "productions.production",
    "pk": 3,
    "fields": {
      "created_at": "2021-09-23T16:17:37.652Z",
      "updated_at": "2021-09-23T16:17:37.652Z",
      "name": "Snow White: The Panto",
      "subtitle": null,
      "description": "<p style=\"text-align: left; margin-left: 0px!important;\">Snow White is having a crisis. 18 and single, she's basically a spinster! Her mum, the Evil Queen, isn't helping things, and won't let Snow be with her one true love... the Mad Hatter! But is the Hatter all that he seems? (Oh no he isn't!) Can the Seven Dwarves save the day? And did somebody just invent Pokémon?? Let our narrators Sherlock and Watson tell you this hilarious tale, filled with songs (that are, not gonna lie, absolute bangers) and good times coming out of our ears. </p><p style=\"text-align: left; margin-left: 0px!important;\">Featuring classic fairytale characters like the Huntsman and Goldilocks, as well as not-so-classic ones from Game of Thrones to Adventure Time. How d'ya like them apples?</p>",
      "society": 4,
      "cover_image": 3,
      "poster_image": 1,
      "featured_image": 3,
      "status": "PUBLISHED",
      "age_rating": null,
      "facebook_event": null,
      "slug": "snow-white-the-panto",
      "warnings": [
        1,
        3,
        4,
        5
      ]
    }
  },
  {
    "model": "productions.performance",
    "pk": 1,
    "fields": {
      "created_at": "2021-09-23T16:00:58.561Z",
      "updated_at": "2021-09-23T16:00:58.561Z",
      "production": 1,
      "venue": 1,
      "doors_open": "2020-02-22T19:00:00Z",
      "start": "2020-02-22T19:30:00Z",
      "end": "2020-02-22T22:00:00Z",
      "description": "",
      "extra_information": "",
      "disabled": true,
      "capacity": null
    }
  },
  {
    "model": "productions.performance",
    "pk": 2,
    "fields": {
      "created_at": "2021-09-23T16:15:55.153Z",
      "updated_at": "2021-09-23T16:15:57.977Z",
      "production": 2,
      "venue": 1,
      "doors_open": "2020-02-08T19:00:00Z",
      "start": "2020-02-08T19:30:00Z",
      "end": "2020-02-08T22:00:00Z",
      "description": "",
      "extra_information": "",
      "disabled": false,
      "capacity": null
    }
  },
  {
    "model": "productions.performance",
    "pk": 3,
    "fields": {
      "created_at": "2021-09-23T16:18:20.952Z",
      "updated_at": "2021-09-23T16:18:20.952Z",
      "production": 3,
      "venue": 1,
      "doors_open": "2019-12-14T19:00:00Z",
      "start": "2019-12-14T19:30:00Z",
      "end": "2019-12-14T22:00:00Z",
      "description": "",
      "extra_information": "",
      "disabled": false,
      "capacity": null
    }
  },
  {
    "model": "productions.performanceseatgroup",
    "pk": 1,
    "fields": {
      "seat_group": 1,
      "performance": 1,
      "price": 13,
      "capacity": 204
    }
  },
  {
    "model": "discounts.concessiontype",
    "pk": 1,
    "fields": {
      "name": "Adult",
      "description": ""
    }
  },
  {
    "model": "discounts.concessiontype",
    "pk": 2,
    "fields": {
      "name": "Student",
      "description": "Student ID required"
    }
  },
  {
    "model": "discounts.concessiontype",
    "pk": 3,
    "fields": {
      "name": "Child",
      "description": "Under 10"
    }
  },
  {
    "model": "discounts.concessiontype",
    "pk": 4,
    "fields": {
      "name": "Senior",
      "description": "Over 60's"
    }
  },
  {
    "model": "discounts.concessiontype",
    "pk": 5,
    "fields": {
      "name": "Society Member",
      "description": "Must be a member of the performing society"
    }
  },
  {
    "model": "discounts.discount",
    "pk": 1,
    "fields": {
      "name": "Society Member Discount",
      "percentage": 0.1,
      "seat_group": null,
      "performances": []
    }
  },
  {
    "model": "discounts.discountrequirement",
    "pk": 1,
    "fields": {
      "number": 1,
      "discount": 1,
      "concession_type": 5
    }
  }
]
