[
{
  "model": "users.user",
  "pk": "00000000-0000-0000-0000-000000000001",
  "fields": {
    "password": "pbkdf2_sha256$260000$OZV1OHuqaYjG50vITybGcb$opI/I30UVeqz9cj5AyFITtmPXbXrPrQngSWCmvGVxpc=",
    "last_login": "2021-09-23T14:09:15.091Z",
    "is_superuser": true,
    "first_name": "james",
    "last_name": "jelgar",
    "is_staff": true,
    "is_active": true,
    "date_joined": "2021-05-10T10:50:04.811Z",
    "email": "admin@email.com",
    "groups": [],
    "user_permissions": []
  }
},
{
  "model": "users.user",
  "pk": "a153e0a0-2a3a-4128-b799-dcf34f1246cd",
  "fields": {
    "password": "!RHhYJje3wrnpTINxhjZEj5NGlULI1OpsnXSYf103",
    "last_login": null,
    "is_superuser": false,
    "first_name": "",
    "last_name": "",
    "is_staff": false,
    "is_active": true,
    "date_joined": "2021-09-23T14:08:11.433Z",
    "email": "AnonymousUser",
    "groups": [],
    "user_permissions": []
  }
},
{
  "model": "images.image",
  "pk": 1,
  "fields": {
    "file": "e2eImages/400x566.png",
    "alt_text": "Poster"
  }
},
{
  "model": "images.image",
  "pk": 2,
  "fields": {
    "file": "e2eImages/500x500.png",
    "alt_text": "Logo"
  }
},
{
  "model": "images.image",
  "pk": 3,
  "fields": {
    "file": "e2eImages/1920x960.png",
    "alt_text": "Banner"
  }
},
{
  "model": "addresses.address",
  "pk": 1,
  "fields": {
    "building_name": "First Floor, Bristol SU",
    "building_number": "105",
    "street": "Queens Road",
    "city": "Bristol",
    "postcode": "BS8 1LN",
    "latitude": 51.456224,
    "longitude": -2.6123574
  }
},
{
  "model": "venues.venue",
  "pk": 1,
  "fields": {
    "created_at": "2020-11-11T12:04:32Z",
    "updated_at": "2021-09-23T18:07:59.050Z",
    "name": "The Winston Theatre",
    "internal_capacity": 207,
    "description": "<p style=\"text-align: left; margin-left: 0px!important;\">The Winston Theatre, named after former Chancellor Winston Churchill, is the University of Bristol Students' Union's flagship venue, and the home of Bristol student theatre since 1965.</p><p style=\"text-align: left; margin-left: 0px!important;\">A traditional proscenium arch theatre with dressing rooms, flexible orchestra pit and apron stage, permanent cyclorama, winched lighting bars and versatile hemp bars. The theatre features 204 fixed saleable seats.</p><p style=\"text-align: left; margin-left: 0px!important;\">For technical specification please contact the Stage Technicians' Association</p><p style=\"text-align: left; margin-left: 0px!important;\">The theatre is sometimes available for private hire. See the Bristol SU Website for more information.</p><h2 style=\"text-align: left; margin-left: 0px!important;\">Accessibility</h2><p style=\"text-align: left; margin-left: 0px!important;\">Two wheelchair spaces at rear of auditorium. Lift access to box office (1st Floor) and wheelchair spaces (2nd Floor). Building access via wheelchair ramp; one disabled parking space.</p><p style=\"text-align: left; margin-left: 0px!important;\">Assistance available from front-of-house staff. Please email tickets@uobtheatre.com in advance to let us know of any particular requirements which we will do our best to cater for.</p>",
    "address": 1,
    "image": 3,
    "publicly_listed": true,
    "slug": "the-winston-theatre"
  }
},
{
  "model": "venues.venue",
  "pk": 2,
  "fields": {
    "created_at": "2020-11-11T12:04:32Z",
    "updated_at": "2021-09-23T14:16:41.895Z",
    "name": "The Pegg Theatre",
    "internal_capacity": 80,
    "description": "<p style=\"text-align: left; margin-left: 0px!important;\">The Pegg Studio Theatre is a flexible black box studio space, sited on the first floor of the Students' Union. The 80 seater venue can host a wide variety of performances, from traditional setups to theatre in the round.</p><p style=\"text-align: left; margin-left: 0px!important;\">For technical specifications please contact the Stage Technicians' Association. The theatre is sometimes available for private hire - please contact the Bristol SU Events Team for more information.</p>",
    "address": 1,
    "image": 3,
    "publicly_listed": true,
    "slug": "the-pegg-theatre"
  }
},
{
  "model": "venues.venue",
  "pk": 3,
  "fields": {
    "created_at": "2020-11-11T12:04:32Z",
    "updated_at": "2021-09-23T14:18:03.555Z",
    "name": "The Anson Rooms",
    "internal_capacity": 1000,
    "description": "<p style=\"text-align: left; margin-left: 0px!important;\">The Anson Room, named after 18th Century Admiral George Anson, is a large multipurpose hall, used for touring gigs, special events and occasionally student performances</p><p style=\"text-align: left; margin-left: 0px!important;\">Features a large high stage, high ceiling, and adjoining bar. Seated capacity 500, standing 1150.</p><p style=\"text-align: left; margin-left: 0px!important;\">The Anson Room is available for private hire. See the Bristol SU Website for more information.</p>",
    "address": 1,
    "image": 3,
    "publicly_listed": true,
    "slug": "anson-rooms"
  }
},
{
  "model": "venues.seatgroup",
  "pk": 1,
  "fields": {
    "name": "Winston Theatre",
    "description": "",
    "venue": 1,
    "capacity": 207,
    "seats": null,
    "is_internal": true
  }
},
{
  "model": "venues.seatgroup",
  "pk": 4,
  "fields": {
    "name": "Pegg Theatre",
    "description": "",
    "venue": 2,
    "capacity": 80,
    "seats": null,
    "is_internal": true
  }
},
{
  "model": "venues.seatgroup",
  "pk": 5,
  "fields": {
    "name": "Seated Anson Rooms",
    "description": "",
    "venue": 3,
    "capacity": 500,
    "seats": null,
    "is_internal": true
  }
},
{
  "model": "venues.seatgroup",
  "pk": 6,
  "fields": {
    "name": "Standing Anson Rooms",
    "description": "",
    "venue": 3,
    "capacity": 1150,
    "seats": null,
    "is_internal": true
  }
},
{
  "model": "societies.society",
  "pk": 1,
  "fields": {
    "created_at": "2021-03-17T21:20:10.644Z",
    "updated_at": "2021-09-23T15:50:40.104Z",
    "name": "Stage Technicians Association",
    "slug": "mtb",
    "description": "<p style=\"text-align: left; margin-left: 0px!important;\">A friendly, fun and FREE society for anyone who enjoys the \"dark side\" of theatre!</p><p style=\"text-align: left; margin-left: 0px!important;\">We design, rig and crew Union shows, so whether you're interested in stage management, lighting, sound or even carpentry; whether you have years' experience or none; we are the society for you! Find us always in the theatre...</p><p style=\"text-align: start; margin-left: 0px!important;\"></p><p style=\"text-align: start; margin-left: 0px!important;\">Website:&nbsp;<strong>http://bristolsta.com</strong> </p>",
    "logo": 2,
    "banner": 3,
    "members": []
  }
},
{
  "model": "societies.society",
  "pk": 2,
  "fields": {
    "created_at": "2021-09-23T14:24:53.278Z",
    "updated_at": "2021-09-23T14:24:57.328Z",
    "name": "Dramsoc",
    "slug": "dramsoc",
    "description": "<p style=\"text-align: left; margin-left: 0px!important;\">Bristol's largest and oldest performing arts society. Something for everyone interested in theatre: acting, directing, producing, writing, reviewing or watching. From \"TRASH\", eight 10-minute extracts back-to-back, to full length plays, in the Union, Bristol and beyond. Opportunities to go up to Edinburgh, participate in workshops and write plays.</p><p style=\"text-align: left; margin-left: 0px!important;\">Website: https://www.bristoldramasociety.co.uk/</p><p style=\"text-align: left; margin-left: 0px!important;\">Contact: bristoldramsoc@gmail.com</p>",
    "logo": 2,
    "banner": 3,
    "members": []
  }
},
{
  "model": "societies.society",
  "pk": 3,
  "fields": {
    "created_at": "2021-09-23T14:27:39.919Z",
    "updated_at": "2021-09-23T18:53:18.571Z",
    "name": "Musical Theatre Bristol",
    "slug": "musical-theatre-bristol",
    "description": "<p style=\"text-align: left; margin-left: 0px!important;\">Welcome to <strong>Music Theatre Bristol</strong>, a student theatre company from the University of Bristol! From cabarets to showcases, small-scale shows to full-scale musical productions, MTB is proud to be one of the most successful performing arts societies at the university.</p><ul><li><p style=\"text-align: left; margin-left: 0px!important;\">f</p></li><li><p style=\"text-align: left; margin-left: 0px!important;\">fg</p></li></ul><p style=\"text-align: left; margin-left: 0px!important;\">Website: <em>http://www.musictheatrebristol.com</em></p><p style=\"text-align: left; margin-left: 0px!important;\">Contact: <em>president@musictheatrebristol.com</em></p>",
    "logo": 2,
    "banner": 3,
    "members": []
  }
},
{
  "model": "societies.society",
  "pk": 4,
  "fields": {
    "created_at": "2021-09-23T14:28:19.529Z",
    "updated_at": "2021-09-23T14:28:19.529Z",
    "name": "PantoSoc",
    "slug": "pantosoc",
    "description": "<p style=\"text-align: left; margin-left: 0px!important;\">Everyone is guaranteed a part! We perform several pantomimes a year, including our epic Christmas show and our Panto-in-a-day, all written by society members.</p><p style=\"text-align: left; margin-left: 0px!important;\">If you want to get involved in Bristol's friendliest society, whether it's on stage, backstage or enjoying crazy socials, then this is the place for you!</p><p style=\"text-align: left; margin-left: 0px!important;\">Website: http://www.pantosoc.co.uk/</p><p style=\"text-align: left; margin-left: 0px!important;\">Contact: president@pantosoc.co.uk</p>",
    "logo": 2,
    "banner": 3,
    "members": []
  }
},
{
  "model": "societies.society",
  "pk": 5,
  "fields": {
    "created_at": "2021-09-23T14:28:52.093Z",
    "updated_at": "2021-09-23T18:24:01.587Z",
    "name": "Spotlights",
    "slug": "spotlights",
    "description": "<p style=\"text-align: left; margin-left: 0px!important;\">Spotlights specialises in taking risks, finding challenges and discovering new talent. Whether you enjoy writing, directing, performing or the process of devising a piece of theatre, Spotlights is here to encourage, and make sure that you are able to create whatever the vision is that you have in your mind!</p><p style=\"text-align: left; margin-left: 0px!important;\">Contact:&nbsp;<strong>bristolspotlights@gmail.com</strong></p>",
    "logo": 2,
    "banner": 3,
    "members": []
  }
},
{
  "model": "societies.society",
  "pk": 6,
  "fields": {
    "created_at": "2021-09-23T14:29:53.299Z",
    "updated_at": "2021-09-23T14:29:53.299Z",
    "name": "BOpS",
    "slug": "bops",
    "description": "<p style=\"text-align: left; margin-left: 0px!important;\">Bristol University Operatic Society provides many opportunities to get involved in the world of opera.</p><p style=\"text-align: left; margin-left: 0px!important;\">With full-scale productions in the Winston Theatre and a number of smaller events, we are always on the lookout for singers, instrumentalists, conductors and directors.directors.</p><p style=\"text-align: start; margin-left: 0px!important;\">Website:&nbsp;https://www.bristoluniversityoperaticsociety.com Contact:&nbsp;president.bops@gmail.com</p>",
    "logo": 2,
    "banner": 3,
    "members": []
  }
},
{
  "model": "societies.society",
  "pk": 7,
  "fields": {
    "created_at": "2021-09-23T14:31:38.089Z",
    "updated_at": "2021-09-23T14:31:38.089Z",
    "name": "Dance Society",
    "slug": "dance-society",
    "description": "<p style=\"text-align: left; margin-left: 0px!important;\">UoB Dance Society offers members a full weekly time-table of professionally-led dance classes for all interests and abilities. The society holds a massive annual dance show, additional to smaller performances and competition opportunities. UoB Dance Society enjoys an enthusiastic atmosphere encouraged by various socials arranged throughout the year.</p><p style=\"text-align: start; margin-left: 0px!important;\">Website:&nbsp;https://www.bristolsu.org.uk/groups/dance-society-1045 Contact:&nbsp;bristoldancesoc@gmail.com</p>",
    "logo": 2,
    "banner": 3,
    "members": []
  }
},
{
  "model": "societies.society",
  "pk": 8,
  "fields": {
    "created_at": "2021-09-23T15:49:51.446Z",
    "updated_at": "2021-09-23T15:49:51.446Z",
    "name": "ImprovSoc",
    "slug": "improvsoc",
    "description": "<p style=\"text-align: left; margin-left: 0px!important;\">Improvsoc is for all those with an inventive bone in them!</p><p style=\"text-align: left; margin-left: 0px!important;\">We're all about improvisation; improvised comedy in particular - running workshops to help give you the skills, and putting on shows to give you the thrills. If you love comedy, drama or spontaneity, we're the society for you!</p><p style=\"text-align: start; margin-left: 0px!important;\"></p><p style=\"text-align: start; margin-left: 0px!important;\">Website:&nbsp;http://www.bristolimprov.co.uk/ </p><p style=\"text-align: start; margin-left: 0px!important;\">Contact:&nbsp;improvbristol@gmail.com</p>",
    "logo": 2,
    "banner": 3,
    "members": []
  }
},
{
  "model": "societies.society",
  "pk": 9,
  "fields": {
    "created_at": "2021-09-23T15:51:00.421Z",
    "updated_at": "2021-09-23T18:22:19.662Z",
    "name": "A Cappella",
    "slug": "a-cappella",
    "description": "<p style=\"text-align: left; margin-left: 0px!important;\">University of Bristol A Cappella Society gives absolutely anyone who wants to sing the chance to get involved in any of our groups, which include both auditioned and unauditioned groups. Our groups put on and participate in several concerts a year, showcasing Bristol as one of the hottest spots for UK a cappella!</p><p style=\"text-align: start; margin-left: 0px!important;\">Website:&nbsp;<strong>http://www.uobacappella.org.uk/</strong> </p><p style=\"text-align: start; margin-left: 0px!important;\">Contact:&nbsp;<strong>contact@uobacappella.org.uk</strong></p>",
    "logo": 2,
    "banner": 3,
    "members": []
  }
},
{
  "model": "societies.society",
  "pk": 10,
  "fields": {
    "created_at": "2021-09-23T15:51:51.028Z",
    "updated_at": "2021-09-23T15:51:51.028Z",
    "name": "Revunions",
    "slug": "revunions",
    "description": "<p style=\"text-align: left; margin-left: 0px!important;\">The South-West's Comedy Crèche. We write, direct and perform our own sketch comedy. If you fancy getting involved, come along to our weekly workshops and join us in creating brand new sketches. We do lots of shows and every year take two up to the Edinburgh Festival Fringe. We also host many scratch nights, giving budding non-sketch comedians the chance to perform with us as well, so whatever kind of comedy you're into, there's loads of opportunity to get involved. Become a member with the Bristol Revunions to be kept up to date with all of this and more.</p><p style=\"text-align: start; margin-left: 0px!important;\">Twitter:&nbsp;<strong>@BrisRevunions</strong></p><p style=\"text-align: start; margin-left: 0px!important;\">Website:&nbsp;<strong>http://www.bristolrevunions.com/</strong> </p><p style=\"text-align: start; margin-left: 0px!important;\">Contact:&nbsp;<strong>revunions@gmail.com</strong></p>",
    "logo": 2,
    "banner": 3,
    "members": []
  }
},
{
  "model": "productions.crewrole",
  "pk": 1,
  "fields": {
    "name": "CLX",
    "department": "lighting"
  }
},
{
  "model": "productions.crewrole",
  "pk": 2,
  "fields": {
    "name": "Stage Manager",
    "department": "stage_management"
  }
},
{
  "model": "productions.crewrole",
  "pk": 3,
  "fields": {
    "name": "Sound Designer",
    "department": "sound"
  }
},
{
  "model": "productions.audiencewarning",
  "pk": 1,
  "fields": {
    "description": "Strobe"
  }
},
{
  "model": "productions.audiencewarning",
  "pk": 2,
  "fields": {
    "description": "Nudity"
  }
},
{
  "model": "productions.audiencewarning",
  "pk": 3,
  "fields": {
    "description": "Pyro"
  }
},
{
  "model": "productions.audiencewarning",
  "pk": 4,
  "fields": {
    "description": "Strong language"
  }
},
{
  "model": "productions.audiencewarning",
  "pk": 5,
  "fields": {
    "description": "Sex refrences"
  }
},
{
  "model": "productions.audiencewarning",
  "pk": 6,
  "fields": {
    "description": "It is illegal to use recording equipment during this performance"
  }
},
{
  "model": "productions.production",
  "pk": 1,
  "fields": {
    "created_at": "2021-09-23T15:56:25.998Z",
    "updated_at": "2021-09-23T15:56:25.998Z",
    "name": "Legally Blonde",
    "subtitle": null,
    "description": "<p style=\"text-align: left; margin-left: 0px!important;\">Music Theatre Bristol are bending and snapping our way to the Winston Theatre this February with the first of our main shows: Legally Blonde! </p><p style=\"text-align: left; margin-left: 0px!important;\">Based on the 2001 film, Legally Blonde tells the story of Elle Woods – a sorority girl who follows love all the way to Harvard Law only to achieve more than anyone thought she was capable of! With only five performances be sure to get your tickets fast to avoid disappointment!</p>",
    "society": 3,
    "cover_image": 3,
    "poster_image": 1,
    "featured_image": 3,
    "status": "PUBLISHED",
    "age_rating": 16,
    "facebook_event": null,
    "slug": "legally-blonde",
    "warnings": [
      4,
      5,
      6
    ]
  }
},
{
  "model": "productions.production",
  "pk": 2,
  "fields": {
    "created_at": "2021-09-23T16:15:07.784Z",
    "updated_at": "2021-09-23T16:15:13.672Z",
    "name": "Present Laughter",
    "subtitle": null,
    "description": "<p style=\"text-align: left; margin-left: 0px!important;\">Present Laughter</p>",
    "society": 2,
    "cover_image": 3,
    "poster_image": 1,
    "featured_image": 3,
    "status": "PUBLISHED",
    "age_rating": null,
    "facebook_event": null,
    "slug": "present-laughter",
    "warnings": [
      4
    ]
  }
},
{
  "model": "productions.production",
  "pk": 3,
  "fields": {
    "created_at": "2021-09-23T16:17:37.652Z",
    "updated_at": "2021-09-23T16:17:37.652Z",
    "name": "Snow White: The Panto",
    "subtitle": null,
    "description": "<p style=\"text-align: left; margin-left: 0px!important;\">Snow White is having a crisis. 18 and single, she's basically a spinster! Her mum, the Evil Queen, isn't helping things, and won't let Snow be with her one true love... the Mad Hatter! But is the Hatter all that he seems? (Oh no he isn't!) Can the Seven Dwarves save the day? And did somebody just invent Pokémon?? Let our narrators Sherlock and Watson tell you this hilarious tale, filled with songs (that are, not gonna lie, absolute bangers) and good times coming out of our ears. </p><p style=\"text-align: left; margin-left: 0px!important;\">Featuring classic fairytale characters like the Huntsman and Goldilocks, as well as not-so-classic ones from Game of Thrones to Adventure Time. How d'ya like them apples?</p>",
    "society": 4,
    "cover_image": 3,
    "poster_image": 1,
    "featured_image": 3,
    "status": "PUBLISHED",
    "age_rating": null,
    "facebook_event": null,
    "slug": "snow-white-the-panto",
    "warnings": [
      1,
      3,
      4,
      5
    ]
  }
},
{
  "model": "productions.performance",
  "pk": 1,
  "fields": {
    "created_at": "2021-09-23T16:00:58.561Z",
    "updated_at": "2021-09-23T16:00:58.561Z",
    "production": 1,
    "venue": 1,
    "doors_open": "2020-02-22T19:00:00Z",
    "start": "2020-02-22T19:30:00Z",
    "end": "2020-02-22T22:00:00Z",
    "description": "",
    "extra_information": "",
    "disabled": true,
    "capacity": null
  }
},
{
  "model": "productions.performance",
  "pk": 2,
  "fields": {
    "created_at": "2021-09-23T16:15:55.153Z",
    "updated_at": "2021-09-23T16:15:57.977Z",
    "production": 2,
    "venue": 1,
    "doors_open": "2020-02-08T19:00:00Z",
    "start": "2020-02-08T19:30:00Z",
    "end": "2020-02-08T22:00:00Z",
    "description": "",
    "extra_information": "",
    "disabled": false,
    "capacity": null
  }
},
{
  "model": "productions.performance",
  "pk": 3,
  "fields": {
    "created_at": "2021-09-23T16:18:20.952Z",
    "updated_at": "2021-09-23T16:18:20.952Z",
    "production": 3,
    "venue": 1,
    "doors_open": "2019-12-14T19:00:00Z",
    "start": "2019-12-14T19:30:00Z",
    "end": "2019-12-14T22:00:00Z",
    "description": "",
    "extra_information": "",
    "disabled": false,
    "capacity": null
  }
},
{
  "model": "productions.performanceseatgroup",
  "pk": 1,
  "fields": {
    "seat_group": 1,
    "performance": 1,
    "price": 13,
    "capacity": 204
  }
},
{
  "model": "discounts.concessiontype",
  "pk": 1,
  "fields": {
    "name": "Adult",
    "description": ""
  }
},
{
  "model": "discounts.concessiontype",
  "pk": 2,
  "fields": {
    "name": "Student",
    "description": "Student ID required"
  }
},
{
  "model": "discounts.concessiontype",
  "pk": 3,
  "fields": {
    "name": "Child",
    "description": "Under 10"
  }
},
{
  "model": "discounts.concessiontype",
  "pk": 4,
  "fields": {
    "name": "Senior",
    "description": "Over 60's"
  }
},
{
  "model": "discounts.concessiontype",
  "pk": 5,
  "fields": {
    "name": "Society Member",
    "description": "Must be a member of the performing society"
  }
},
{
  "model": "discounts.discount",
  "pk": 1,
  "fields": {
    "name": "Society Member Discount",
    "percentage": 0.1,
    "seat_group": null,
    "performances": []
  }
},
{
  "model": "discounts.discountrequirement",
  "pk": 1,
  "fields": {
    "number": 1,
    "discount": 1,
    "concession_type": 5
  }
}
]
