[
  {
    "model": "users.user",
    "pk": "00000000-0000-0000-0000-000000000001",
    "fields": {
      "password": "pbkdf2_sha256$216000$WVaMk4Jsevp3$3yR+J4ug9WeJFvNuhdvj+mWbiwyNrSjMNeNTiSAPGNg=",
      "last_login": null,
      "is_superuser": true,
      "first_name": "james",
      "last_name": "jelgar",
      "is_staff": true,
      "is_active": true,
      "date_joined": "2021-05-10T10:50:04.811Z",
      "email": "admin@email.com",
      "groups": [],
      "user_permissions": []
    }
  },
  {
    "model": "images.image",
    "pk": 1,
    "fields": {
      "file": "e2eImages/400x566.png",
      "alt_text": "Poster"
    }
  },
  {
    "model": "images.image",
    "pk": 2,
    "fields": {
      "file": "e2eImages/500x500.png",
      "alt_text": "Logo"
    }
  },
  {
    "model": "images.image",
    "pk": 3,
    "fields": {
      "file": "e2eImages/1920x960.png",
      "alt_text": "Banner"
    }
  },
  {
    "model": "addresses.address",
    "pk": 1,
    "fields": {
      "building_name": "Bristol SU Richmond Building",
      "building_number": "105",
      "street": "Queens Road",
      "city": "Bristol",
      "postcode": "BS1 1AE",
      "latitude": 51.02,
      "longitude": -0.1
    }
  },
  {
    "model": "addresses.address",
    "pk": 2,
    "fields": {
      "building_name": "Bristol SU Richmond Building",
      "building_number": "105",
      "street": "Queens Road",
      "city": "Bristol",
      "postcode": "BS1 1AE",
      "latitude": null,
      "longitude": null
    }
  },
  {
    "model": "venues.venue",
    "pk": 1,
    "fields": {
      "created_at": "2020-11-11T12:04:32Z",
      "updated_at": "2020-11-11T12:24:32Z",
      "name": "The Winston Theatre",
      "internal_capacity": 207,
      "description": null,
      "address": 1,
      "image": 3,
      "publicly_listed": true,
      "slug": "the-winston-theatre"
    }
  },
  {
    "model": "venues.venue",
    "pk": 2,
    "fields": {
      "created_at": "2020-11-11T12:04:32Z",
      "updated_at": "2020-11-11T12:24:32Z",
      "name": "The Pegg Theatre",
      "internal_capacity": 80,
      "description": null,
      "address": 2,
      "image": 3,
      "publicly_listed": true,
      "slug": "the-pegg-theatre"
    }
  },
  {
    "model": "venues.venue",
    "pk": 3,
    "fields": {
      "created_at": "2020-11-11T12:04:32Z",
      "updated_at": "2020-11-11T12:24:32Z",
      "name": "The Anson Rooms",
      "internal_capacity": 1000,
      "description": null,
      "address": null,
      "image": 3,
      "publicly_listed": true,
      "slug": "anson-rooms"
    }
  },
  {
    "model": "venues.seatgroup",
    "pk": 1,
    "fields": {
      "name": "Best seats in the house",
      "description": "The best seats obviously",
      "venue": 1,
      "capacity": 60,
      "seats": null,
      "is_internal": true
    }
  },
  {
    "model": "venues.seatgroup",
    "pk": 2,
    "fields": {
      "name": "The Meh Seats",
      "description": "",
      "venue": 1,
      "capacity": 147,
      "seats": null,
      "is_internal": true
    }
  },
  {
    "model": "venues.seatgroup",
    "pk": 3,
    "fields": {
      "name": "Generic Seating",
      "description": "",
      "venue": 2,
      "capacity": 80,
      "seats": null,
      "is_internal": true
    }
  },
  {
    "model": "societies.society",
    "pk": 1,
    "fields": {
      "created_at": "2021-03-17T21:20:10.644Z",
      "updated_at": "2021-03-24T14:18:10.339Z",
      "name": "MTB",
      "description": "Musical theatre neeks",
      "logo": 2,
      "banner": 3,
      "slug": "mtb"
    }
  },
  {
    "model": "societies.society",
    "pk": 2,
    "fields": {
      "created_at": "2021-03-17T21:20:23.098Z",
      "updated_at": "2021-03-24T14:18:06.938Z",
      "name": "Dramsoc",
      "description": "Dramaaaaa",
      "logo": 2,
      "banner": 3,
      "slug": "dramsoc"
    }
  },
  {
    "model": "societies.society",
    "pk": 3,
    "fields": {
      "created_at": "2021-03-17T21:21:55.958Z",
      "updated_at": "2021-03-24T14:18:03.557Z",
      "name": "Joe Bloggs Productions",
      "description": "joe bloggs",
      "logo": 2,
      "banner": 3,
      "slug": "joe-bloggs-productions"
    }
  },
  {
    "model": "productions.crewrole",
    "pk": 1,
    "fields": {
      "name": "CLX",
      "department": "lighting"
    }
  },
  {
    "model": "productions.crewrole",
    "pk": 2,
    "fields": {
      "name": "Stage Manager",
      "department": "stage_management"
    }
  },
  {
    "model": "productions.crewrole",
    "pk": 3,
    "fields": {
      "name": "Sound Designer",
      "department": "sound"
    }
  },
  {
    "model": "productions.audiencewarning",
    "pk": 1,
    "fields": {
      "description": "Strobe"
    }
  },
  {
    "model": "productions.audiencewarning",
    "pk": 2,
    "fields": {
      "description": "Nudity"
    }
  },
  {
    "model": "productions.audiencewarning",
    "pk": 3,
    "fields": {
      "description": "Pyro"
    }
  },
  {
    "model": "productions.production",
    "pk": 1,
    "fields": {
      "created_at": "2021-03-17T21:20:58.591Z",
      "updated_at": "2021-03-24T14:18:21.722Z",
      "name": "Legally Ginger",
      "subtitle": "legally-ginger",
      "description": "The description of the show.",
      "society": 1,
      "cover_image": 3,
      "poster_image": 1,
      "featured_image": 3,
      "age_rating": 18,
      "facebook_event": "https://facebook.com/legally-ginger",
      "slug": "legally-ginger",
      "warnings": [
        1,
        2
      ]
    }
  },
  {
    "model": "productions.production",
    "pk": 2,
    "fields": {
      "created_at": "2021-03-17T21:21:22.202Z",
      "updated_at": "2021-03-24T14:18:26.160Z",
      "name": "TRASh",
      "subtitle": "trash",
      "description": "literally trash...",
      "society": 2,
      "cover_image": null,
      "poster_image": null,
      "featured_image": null,
      "age_rating": null,
      "facebook_event": null,
      "slug": "trash",
      "warnings": []
    }
  },
  {
    "model": "productions.castmember",
    "pk": 1,
    "fields": {
      "name": "Alex T",
      "profile_picture": 2,
      "role": "Good Guy",
      "production": 1
    }
  },
  {
    "model": "productions.castmember",
    "pk": 2,
    "fields": {
      "name": "Kit",
      "profile_picture": null,
      "role": "Crazy person",
      "production": 1
    }
  },
  {
    "model": "productions.productionteammember",
    "pk": 1,
    "fields": {
      "name": "James",
      "role": "Producer",
      "production": 1
    }
  },
  {
    "model": "productions.productionteammember",
    "pk": 2,
    "fields": {
      "name": "Nicole",
      "role": "Musical Director",
      "production": 1
    }
  },
  {
    "model": "productions.crewmember",
    "pk": 1,
    "fields": {
      "name": "Tom",
      "role": 3,
      "production": 1
    }
  },
  {
    "model": "productions.crewmember",
    "pk": 2,
    "fields": {
      "name": "Millie",
      "role": 1,
      "production": 1
    }
  },
  {
    "model": "productions.performance",
    "pk": 1,
    "fields": {
      "created_at": "2020-11-11T12:04:32Z",
      "updated_at": "2020-11-11T12:24:32Z",
      "production": 1,
      "venue": 1,
      "doors_open": "2021-01-14T17:35:00Z",
      "start": "2021-01-14T17:55:27.554Z",
      "end": "2021-01-14T20:55:27.554Z",
      "description": null,
      "extra_information": null,
      "disabled": true,
      "capacity": null
    }
  },
  {
    "model": "productions.performance",
    "pk": 2,
    "fields": {
      "created_at": "2020-11-11T12:04:32Z",
      "updated_at": "2020-11-11T12:24:32Z",
      "production": 1,
      "venue": 1,
      "doors_open": "2021-03-09T22:48:30Z",
      "start": "2021-03-09T22:58:32Z",
      "end": "2021-03-09T23:58:33Z",
      "description": null,
      "extra_information": null,
      "disabled": false,
      "capacity": null
    }
  },
  {
    "model": "productions.performance",
    "pk": 3,
    "fields": {
      "created_at": "2020-11-11T12:04:32Z",
      "updated_at": "2020-11-11T12:24:32Z",
      "production": 1,
      "venue": 2,
      "doors_open": "2020-11-13T12:04:32Z",
      "start": "2020-11-13T12:24:32Z",
      "end": "2020-11-13T14:22:32Z",
      "description": null,
      "extra_information": null,
      "disabled": false,
      "capacity": null
    }
  },
  {
    "model": "productions.performance",
    "pk": 4,
    "fields": {
      "created_at": "2020-11-11T12:04:32Z",
      "updated_at": "2020-11-11T12:24:32Z",
      "production": 2,
      "venue": 1,
      "doors_open": "2021-03-24T14:30:26Z",
      "start": "2021-03-24T14:37:27Z",
      "end": "2021-03-24T15:37:28Z",
      "description": "",
      "extra_information": "",
      "disabled": true,
      "capacity": null
    }
  },
  {
    "model": "productions.performanceseatgroup",
    "pk": 1,
    "fields": {
      "seat_group": 1,
      "performance": 1,
      "price": 1000,
      "capacity": 60
    }
  },
  {
    "model": "productions.performanceseatgroup",
    "pk": 2,
    "fields": {
      "seat_group": 2,
      "performance": 1,
      "price": 1000,
      "capacity": 147
    }
  },
  {
    "model": "productions.performanceseatgroup",
    "pk": 3,
    "fields": {
      "seat_group": 1,
      "performance": 2,
      "price": 1000,
      "capacity": 60
    }
  },
  {
    "model": "productions.performanceseatgroup",
    "pk": 4,
    "fields": {
      "seat_group": 2,
      "performance": 2,
      "price": 1000,
      "capacity": 147
    }
  },
  {
    "model": "bookings.misccost",
    "pk": 1,
    "fields": {
      "name": "Theatre improvement levy",
      "description": null,
      "percentage": 0.05,
      "value": null
    }
  },
  {
    "model": "bookings.misccost",
    "pk": 2,
    "fields": {
      "name": "Booking fee",
      "description": null,
      "percentage": null,
      "value": 100.0
    }
  },
  {
    "model": "bookings.discount",
    "pk": 1,
    "fields": {
      "name": "Student",
      "percentage": 0.2,
      "seat_group": null,
      "performances": [
        1,
        2
      ]
    }
  },
  {
    "model": "bookings.discount",
    "pk": 2,
    "fields": {
      "name": "Child",
      "percentage": 0.3,
      "seat_group": null,
      "performances": [
        1,
        2
      ]
    }
  },
  {
    "model": "bookings.discount",
    "pk": 3,
    "fields": {
      "name": "Family Discount",
      "percentage": 0.5,
      "seat_group": null,
      "performances": [
        1,
        2
      ]
    }
  },
  {
    "model": "bookings.concessiontype",
    "pk": 1,
    "fields": {
      "name": "Adult",
      "description": "18+"
    }
  },
  {
    "model": "bookings.concessiontype",
    "pk": 2,
    "fields": {
      "name": "Student",
      "description": "Student ID required"
    }
  },
  {
    "model": "bookings.concessiontype",
    "pk": 3,
    "fields": {
      "name": "Child",
      "description": "under 16s"
    }
  },
  {
    "model": "bookings.discountrequirement",
    "pk": 1,
    "fields": {
      "number": 1,
      "discount": 1,
      "concession_type": 2
    }
  },
  {
    "model": "bookings.discountrequirement",
    "pk": 2,
    "fields": {
      "number": 1,
      "discount": 2,
      "concession_type": 3
    }
  },
  {
    "model": "bookings.discountrequirement",
    "pk": 3,
    "fields": {
      "number": 1,
      "discount": 3,
      "concession_type": 1
    }
  },
  {
    "model": "bookings.discountrequirement",
    "pk": 4,
    "fields": {
      "number": 2,
      "discount": 3,
      "concession_type": 2
    }
  },
  {
    "model": "bookings.booking",
    "pk": 1,
    "fields": {
      "created_at": "2020-11-13T12:04:32Z",
      "updated_at": "2020-11-11T12:24:32Z",
      "reference": "5yARDV8p6giN",
      "user": "00000000-0000-0000-0000-000000000001",
      "performance": 1,
      "status": "IN_PROGRESS"
    }
  },
  {
    "model": "bookings.booking",
    "pk": 2,
    "fields": {
      "created_at": "2020-11-11T12:04:32Z",
      "updated_at": "2020-11-11T12:24:32Z",
      "reference": "3e73M4gUQVbK",
      "user": "00000000-0000-0000-0000-000000000001",
      "performance": 2,
      "status": "IN_PROGRESS"
    }
  },
  {
    "model": "bookings.booking",
    "pk": 3,
    "fields": {
      "created_at": "2020-11-12T12:04:32Z",
      "updated_at": "2020-11-11T12:24:32Z",
      "reference": "Ufx5CLtNrxiN",
      "user": "00000000-0000-0000-0000-000000000001",
      "performance": 1,
      "status": "PAID"
    }
  },
  {
    "model": "bookings.ticket",
    "pk": 1,
    "fields": {
      "seat_group": 1,
      "booking": 1,
      "concession_type": 1,
      "seat": null,
      "checked_in": false
    }
  },
  {
    "model": "bookings.ticket",
    "pk": 2,
    "fields": {
      "seat_group": 1,
      "booking": 2,
      "concession_type": 1,
      "seat": null,
      "checked_in": false
    }
  },
  {
    "model": "bookings.ticket",
    "pk": 3,
    "fields": {
      "seat_group": 1,
      "booking": 2,
      "concession_type": 1,
      "seat": null,
      "checked_in": false
    }
  },
  {
    "model": "bookings.ticket",
    "pk": 4,
    "fields": {
      "seat_group": 1,
      "booking": 3,
      "concession_type": 1,
      "seat": null,
      "checked_in": false
    }
  },
  {
    "model": "bookings.ticket",
    "pk": 5,
    "fields": {
      "seat_group": 1,
      "booking": 3,
      "concession_type": 1,
      "seat": null,
      "checked_in": false
    }
  },
  {
    "model": "bookings.ticket",
    "pk": 6,
    "fields": {
      "seat_group": 2,
      "booking": 2,
      "concession_type": 3,
      "seat": null,
      "checked_in": false
    }
  },
  {
    "model": "bookings.ticket",
    "pk": 7,
    "fields": {
      "seat_group": 2,
      "booking": 2,
      "concession_type": 2,
      "seat": null,
      "checked_in": false
    }
  }
]
