[
  {
    "model": "users.user",
    "pk": "00000000-0000-0000-0000-000000000001",
    "fields": {
      "password": "pbkdf2_sha256$260000$OZV1OHuqaYjG50vITybGcb$opI/I30UVeqz9cj5AyFITtmPXbXrPrQngSWCmvGVxpc=",
      "last_login": "2021-07-29T14:12:54.298Z",
      "is_superuser": true,
      "first_name": "james",
      "last_name": "jelgar",
      "is_staff": true,
      "is_active": true,
      "date_joined": "2021-05-10T10:50:04.811Z",
      "email": "admin@email.com",
      "groups": [],
      "user_permissions": []
    }
  },
  {
    "model": "users.user",
    "pk": "992d9989-44ae-45ad-a1db-2396a415fe61",
    "fields": {
      "password": "pbkdf2_sha256$260000$Cg9qYL6OYJAnB7wsmgC3yi$iBwe+UOMLJgQsAiFGKKMpgFgcjiPRF35D4FOHagwjVY=",
      "last_login": null,
      "is_superuser": false,
      "first_name": "basic",
      "last_name": "user",
      "is_staff": false,
      "is_active": true,
      "date_joined": "2021-07-29T14:30:01.647Z",
      "email": "basicuser@email.com",
      "groups": [],
      "user_permissions": []
    }
  },
  {
    "model": "images.image",
    "pk": 1,
    "fields": {
      "file": "e2eImages/400x566.png",
      "alt_text": "Poster"
    }
  },
  {
    "model": "images.image",
    "pk": 2,
    "fields": {
      "file": "e2eImages/500x500.png",
      "alt_text": "Logo"
    }
  },
  {
    "model": "images.image",
    "pk": 3,
    "fields": {
      "file": "e2eImages/1920x960.png",
      "alt_text": "Banner"
    }
  },
  {
    "model": "addresses.address",
    "pk": 1,
    "fields": {
      "building_name": "Bristol SU",
      "building_number": null,
      "street": "Queens Road",
      "city": "Bristol",
      "postcode": "BS1 1AE",
      "latitude": 51.02,
      "longitude": -0.1
    }
  },
  {
    "model": "addresses.address",
    "pk": 2,
    "fields": {
      "building_name": "Bristol SU Richmond Building",
      "building_number": "105",
      "street": "Queens Road",
      "city": "Bristol",
      "postcode": "BS1 1AE",
      "latitude": null,
      "longitude": null
    }
  },
  {
    "model": "venues.venue",
    "pk": 1,
    "fields": {
      "created_at": "2020-11-11T12:04:32Z",
      "updated_at": "2021-07-28T09:29:28.793Z",
      "name": "The Winston Theatre",
      "internal_capacity": 207,
      "description": "The one and the only...\r\nThe mighty WINSTONNNNN.",
      "address": 1,
      "image": 3,
      "publicly_listed": true,
      "slug": "the-winston-theatre"
    }
  },
  {
    "model": "venues.venue",
    "pk": 2,
    "fields": {
      "created_at": "2020-11-11T12:04:32Z",
      "updated_at": "2021-07-28T09:30:06.090Z",
      "name": "The Pegg Theatre",
      "internal_capacity": 80,
      "description": "",
      "address": 2,
      "image": 3,
      "publicly_listed": true,
      "slug": "the-pegg-theatre"
    }
  },
  {
    "model": "venues.venue",
    "pk": 3,
    "fields": {
      "created_at": "2020-11-11T12:04:32Z",
      "updated_at": "2021-07-28T09:31:00.935Z",
      "name": "The Anson Rooms",
      "internal_capacity": 1000,
      "description": null,
      "address": 1,
      "image": 3,
      "publicly_listed": true,
      "slug": "anson-rooms"
    }
  },
  {
    "model": "venues.seatgroup",
    "pk": 1,
    "fields": {
      "name": "Generic Seating",
      "description": "",
      "venue": 1,
      "capacity": 207,
      "seats": null,
      "is_internal": true
    }
  },
  {
    "model": "venues.seatgroup",
    "pk": 2,
    "fields": {
      "name": "The Meh Seats",
      "description": "",
      "venue": 1,
      "capacity": 50,
      "seats": null,
      "is_internal": true
    }
  },
  {
    "model": "venues.seatgroup",
    "pk": 3,
    "fields": {
      "name": "Best Seats In the House",
      "description": "",
      "venue": 1,
      "capacity": 157,
      "seats": null,
      "is_internal": true
    }
  },
  {
    "model": "venues.seatgroup",
    "pk": 4,
    "fields": {
      "name": "Pegg Seating",
      "description": "",
      "venue": 2,
      "capacity": 80,
      "seats": null,
      "is_internal": true
    }
  },
  {
    "model": "venues.seatgroup",
    "pk": 5,
    "fields": {
      "name": "AR Tickets",
      "description": "All of em",
      "venue": 3,
      "capacity": 1000,
      "seats": null,
      "is_internal": true
    }
  },
  {
    "model": "societies.society",
    "pk": 1,
    "fields": {
      "created_at": "2021-03-17T21:20:10.644Z",
      "updated_at": "2021-07-28T09:31:20.556Z",
      "name": "MTB",
      "description": "Musical theatre neeks",
      "logo": 2,
      "banner": 3,
      "slug": "mtb"
    }
  },
  {
    "model": "societies.society",
    "pk": 2,
    "fields": {
      "created_at": "2021-03-17T21:20:23.098Z",
      "updated_at": "2021-07-28T09:31:22.894Z",
      "name": "Dramsoc",
      "description": "Dramaaaaa",
      "logo": 2,
      "banner": 3,
      "slug": "dramsoc"
    }
  },
  {
    "model": "societies.society",
    "pk": 3,
    "fields": {
      "created_at": "2021-03-17T21:21:55.958Z",
      "updated_at": "2021-07-28T09:32:04.859Z",
      "name": "Joe Bloggs Productions",
      "description": "joe bloggs",
      "logo": 2,
      "banner": 3,
      "slug": "joe-bloggs-productions"
    }
  },
  {
    "model": "societies.society",
    "pk": 4,
    "fields": {
      "created_at": "2021-07-28T09:32:01.161Z",
      "updated_at": "2021-07-28T09:32:01.161Z",
      "name": "Jelgar's Web Dev",
      "description": "James loves web dev",
      "logo": 2,
      "banner": 3,
      "slug": "jelgars-web-dev"
    }
  },
  {
    "model": "societies.society",
    "pk": 5,
    "fields": {
      "created_at": "2021-07-28T09:56:13.923Z",
      "updated_at": "2021-07-28T09:56:13.923Z",
      "name": "Accappella",
      "description": "we sing",
      "logo": 2,
      "banner": 3,
      "slug": "accappella"
    }
  },
  {
    "model": "productions.crewrole",
    "pk": 1,
    "fields": {
      "name": "CLX",
      "department": "lighting"
    }
  },
  {
    "model": "productions.crewrole",
    "pk": 2,
    "fields": {
      "name": "Stage Manager",
      "department": "stage_management"
    }
  },
  {
    "model": "productions.crewrole",
    "pk": 3,
    "fields": {
      "name": "Sound Designer",
      "department": "sound"
    }
  },
  {
    "model": "productions.ContentWarning",
    "pk": 1,
    "fields": {
      "short_description": "Strobe"
    }
  },
  {
    "model": "productions.ContentWarning",
    "pk": 2,
    "fields": {
      "short_description": "Nudity"
    }
  },
  {
    "model": "productions.ContentWarning",
    "pk": 3,
    "fields": {
      "short_description": "Pyro"
    }
  },
  {
    "model": "productions.production",
    "pk": 1,
    "fields": {
      "created_at": "2021-07-28T09:34:19.253Z",
      "updated_at": "2021-07-29T14:01:29.056Z",
      "name": "Legally Ginger",
      "subtitle": "Not all gingers have souls :'(",
      "description": "<h1>The New Hit Musical</h1>\r\n\r\n<p>About somebody who dyed their hair blonde but is legally ginger</p>\r\n\r\n<a href=\"https://www.youtube.com/watch?v=dQw4w9WgXcQ\">A link to a ginger with a soul!!</a>",
      "society": 1,
      "cover_image": 3,
      "poster_image": 1,
      "featured_image": 3,
      "age_rating": null,
      "facebook_event": null,
      "slug": "legally-ginger",
      "status": "PUBLISHED"
    }
  },
  {
    "model": "productions.productioncontentwarning",
    "pk": 1,
    "fields": {
      "production": 1,
      "warning": 2,
      "information": "Additional warning info"
    }
  },
  {
    "model": "productions.production",
    "pk": 2,
    "fields": {
      "created_at": "2021-07-28T09:54:26.951Z",
      "updated_at": "2021-07-28T12:06:57.059Z",
      "name": "Rocky Horror",
      "subtitle": null,
      "description": "rocks are scary",
      "society": 1,
      "cover_image": 3,
      "poster_image": 1,
      "featured_image": 3,
      "age_rating": 18,
      "facebook_event": null,
      "slug": "rocky-horror",
      "status": "PUBLISHED"
    }
  },
  {
    "model": "productions.production",
    "pk": 3,
    "fields": {
      "created_at": "2021-07-28T09:55:52.097Z",
      "updated_at": "2021-07-29T14:13:16.509Z",
      "name": "BOSW 2021",
      "subtitle": null,
      "description": "<p>big accappella show</p>\r\n<p>Lorem ipsum dolor sit amet, consectetur adipiscing elit, sed do eiusmod tempor incididunt ut labore et dolore magna aliqua. Ut enim ad minim veniam, quis nostrud exercitation ullamco laboris nisi ut aliquip ex ea commodo consequat. Duis aute irure dolor in reprehenderit in voluptate velit esse cillum dolore eu fugiat nulla pariatur. Excepteur sint occaecat cupidatat non proident, sunt in culpa qui officia deserunt mollit anim id est laborum.</p>",
      "society": 5,
      "cover_image": 3,
      "poster_image": 1,
      "featured_image": 3,
      "age_rating": 16,
      "facebook_event": "https://facebook.com/bosw",
      "slug": "bosw-2021",
      "status": "PUBLISHED"
    }
  },
  {
    "model": "productions.productioncontentwarning",
    "pk": 2,
    "fields": {
      "production": 1,
      "warning": 3
    }
  },
  {
    "model": "productions.production",
    "pk": 4,
    "fields": {
      "created_at": "2021-07-28T11:39:09.002Z",
      "updated_at": "2021-07-28T12:07:10.494Z",
      "name": "TRASh",
      "subtitle": null,
      "description": "its trash",
      "society": 2,
      "cover_image": null,
      "poster_image": 1,
      "featured_image": 3,
      "age_rating": null,
      "facebook_event": "https://facebook.com/trash",
      "slug": "trash",
      "status": "PUBLISHED"
    }
  },
  {
    "model": "productions.production",
    "pk": 5,
    "fields": {
      "created_at": "2021-07-28T13:44:47.657Z",
      "updated_at": "2021-07-28T13:44:47.657Z",
      "name": "AnOldShow",
      "subtitle": null,
      "description": "old boi in the past",
      "society": 4,
      "cover_image": null,
      "poster_image": 1,
      "featured_image": 3,
      "age_rating": null,
      "facebook_event": null,
      "slug": "anoldshow",
      "status": "COMPLETE"
    }
  },
  {
    "model": "productions.production",
    "pk": 6,
    "fields": {
      "created_at": "2022-07-28T13:44:47.657Z",
      "updated_at": "2022-07-28T13:44:47.657Z",
      "name": "A Draft Production",
      "subtitle": null,
      "description": "You shouldn't see this!",
      "society": 4,
      "cover_image": null,
      "poster_image": 1,
      "featured_image": 3,
      "age_rating": null,
      "facebook_event": null,
      "slug": "draft-production",
      "status": "DRAFT"
    }
  },
  {
    "model": "productions.castmember",
    "pk": 1,
    "fields": {
      "name": "James",
      "profile_picture": 2,
      "role": "Good Guy",
      "production": 1
    }
  },
  {
    "model": "productions.castmember",
    "pk": 2,
    "fields": {
      "name": "Milly",
      "profile_picture": null,
      "role": "the ginger",
      "production": 1
    }
  },
  {
    "model": "productions.castmember",
    "pk": 3,
    "fields": {
      "name": "Alex T",
      "profile_picture": null,
      "role": "Soprano 1",
      "production": 3
    }
  },
  {
    "model": "productions.productionteammember",
    "pk": 1,
    "fields": {
      "name": "Hobbs",
      "role": "Musical Director",
      "production": 1
    }
  },
  {
    "model": "productions.productionteammember",
    "pk": 2,
    "fields": {
      "name": "Nicole",
      "role": "Producer",
      "production": 1
    }
  },
  {
    "model": "productions.crewmember",
    "pk": 1,
    "fields": {
      "name": "Tom",
      "role": 3,
      "production": 1
    }
  },
  {
    "model": "productions.crewmember",
    "pk": 2,
    "fields": {
      "name": "Millie",
      "role": 1,
      "production": 1
    }
  },
  {
    "model": "productions.crewmember",
    "pk": 3,
    "fields": {
      "name": "Alex T",
      "role": 2,
      "production": 1
    }
  },
  {
    "model": "productions.crewmember",
    "pk": 4,
    "fields": {
      "name": "Tom",
      "role": 3,
      "production": 2
    }
  },
  {
    "model": "productions.performance",
    "pk": 1,
    "fields": {
      "created_at": "2021-07-28T09:36:39.061Z",
      "updated_at": "2021-07-28T11:45:55.736Z",
      "production": 1,
      "venue": 1,
      "doors_open": "2023-12-01T18:00:00Z",
      "start": "2023-12-01T18:30:00Z",
      "end": "2023-12-01T22:00:00Z",
      "description": "",
      "extra_information": "",
      "disabled": false,
      "capacity": null
    }
  },
  {
    "model": "productions.performance",
    "pk": 2,
    "fields": {
      "created_at": "2021-07-28T09:36:39.061Z",
      "updated_at": "2021-07-28T09:36:39.061Z",
      "production": 1,
      "venue": 1,
      "doors_open": "2023-12-02T18:00:00Z",
      "start": "2023-12-02T18:30:00Z",
      "end": "2023-12-02T22:00:00Z",
      "description": "",
      "extra_information": "",
      "disabled": false,
      "capacity": null
    }
  },
  {
    "model": "productions.performance",
    "pk": 3,
    "fields": {
      "created_at": "2021-07-28T09:36:39.061Z",
      "updated_at": "2021-07-28T09:36:39.061Z",
      "production": 1,
      "venue": 1,
      "doors_open": "2023-12-03T18:00:00Z",
      "start": "2023-12-03T18:30:00Z",
      "end": "2023-12-03T22:00:00Z",
      "description": "",
      "extra_information": "",
      "disabled": false,
      "capacity": null
    }
  },
  {
    "model": "productions.performance",
    "pk": 4,
    "fields": {
      "created_at": "2021-07-28T09:57:36.007Z",
      "updated_at": "2021-07-28T10:05:45.252Z",
      "production": 2,
      "venue": 2,
      "doors_open": "2023-12-02T17:00:00Z",
      "start": "2023-12-02T17:30:00Z",
      "end": "2023-12-02T21:00:00Z",
      "description": "",
      "extra_information": "",
      "disabled": false,
      "capacity": null
    }
  },
  {
    "model": "productions.performance",
    "pk": 5,
    "fields": {
      "created_at": "2021-07-28T09:58:16.055Z",
      "updated_at": "2021-07-28T12:29:29.328Z",
      "production": 3,
      "venue": 3,
      "doors_open": "2023-12-02T18:00:00Z",
      "start": "2023-12-02T18:30:00Z",
      "end": "2023-12-02T22:00:00Z",
      "description": "",
      "extra_information": "",
      "disabled": false,
      "capacity": null
    }
  },
  {
    "model": "productions.performance",
    "pk": 6,
    "fields": {
      "created_at": "2021-07-28T10:06:20.597Z",
      "updated_at": "2021-07-28T10:06:20.597Z",
      "production": 2,
      "venue": 2,
      "doors_open": "2023-12-03T17:00:00Z",
      "start": "2023-12-03T17:30:00Z",
      "end": "2023-12-03T21:00:00Z",
      "description": "",
      "extra_information": "",
      "disabled": false,
      "capacity": null
    }
  },
  {
    "model": "productions.performance",
    "pk": 7,
    "fields": {
      "created_at": "2021-07-28T11:39:53.847Z",
      "updated_at": "2021-07-28T11:39:53.847Z",
      "production": 4,
      "venue": 1,
      "doors_open": "2023-12-04T18:00:00Z",
      "start": "2023-12-04T19:00:00Z",
      "end": "2023-12-04T22:00:00Z",
      "description": "",
      "extra_information": "",
      "disabled": true,
      "capacity": null
    }
  },
  {
    "model": "productions.performance",
    "pk": 8,
    "fields": {
      "created_at": "2021-07-28T11:40:29.685Z",
      "updated_at": "2021-07-28T11:40:29.685Z",
      "production": 4,
      "venue": 1,
      "doors_open": "2023-12-03T12:00:00Z",
      "start": "2023-12-03T13:00:00Z",
      "end": "2023-12-03T15:00:00Z",
      "description": "Matinee",
      "extra_information": "",
      "disabled": false,
      "capacity": null
    }
  },
  {
    "model": "productions.performance",
    "pk": 9,
    "fields": {
      "created_at": "2021-07-28T13:45:20.134Z",
      "updated_at": "2021-07-28T13:47:46.524Z",
      "production": 5,
      "venue": 1,
      "doors_open": "2023-07-01T18:00:00Z",
      "start": "2023-07-01T18:03:00Z",
      "end": "2023-07-01T19:00:00Z",
      "description": "",
      "extra_information": "",
      "disabled": false,
      "capacity": null
    }
  },
  {
    "model": "productions.performanceseatgroup",
    "pk": 1,
    "fields": {
      "seat_group": 3,
      "performance": 1,
      "price": 1000,
      "capacity": 157
    }
  },
  {
    "model": "productions.performanceseatgroup",
    "pk": 2,
    "fields": {
      "seat_group": 2,
      "performance": 1,
      "price": 800,
      "capacity": 50
    }
  },
  {
    "model": "productions.performanceseatgroup",
    "pk": 3,
    "fields": {
      "seat_group": 3,
      "performance": 2,
      "price": 1000,
      "capacity": 157
    }
  },
  {
    "model": "productions.performanceseatgroup",
    "pk": 4,
    "fields": {
      "seat_group": 2,
      "performance": 2,
      "price": 800,
      "capacity": 50
    }
  },
  {
    "model": "productions.performanceseatgroup",
    "pk": 5,
    "fields": {
      "seat_group": 3,
      "performance": 3,
      "price": 1000,
      "capacity": 157
    }
  },
  {
    "model": "productions.performanceseatgroup",
    "pk": 6,
    "fields": {
      "seat_group": 2,
      "performance": 3,
      "price": 800,
      "capacity": 50
    }
  },
  {
    "model": "productions.performanceseatgroup",
    "pk": 7,
    "fields": {
      "seat_group": 4,
      "performance": 4,
      "price": 500,
      "capacity": 80
    }
  },
  {
    "model": "productions.performanceseatgroup",
    "pk": 8,
    "fields": {
      "seat_group": 5,
      "performance": 5,
      "price": 2000,
      "capacity": 1000
    }
  },
  {
    "model": "productions.performanceseatgroup",
    "pk": 9,
    "fields": {
      "seat_group": 1,
      "performance": 8,
      "price": 800,
      "capacity": 207
    }
  },
  {
    "model": "productions.performanceseatgroup",
    "pk": 10,
    "fields": {
      "seat_group": 2,
      "performance": 7,
      "price": 800,
      "capacity": 207
    }
  },
  {
    "model": "productions.performanceseatgroup",
    "pk": 11,
    "fields": {
      "seat_group": 3,
      "performance": 7,
      "price": 10,
      "capacity": 157
    }
  },
  {
    "model": "productions.performanceseatgroup",
    "pk": 12,
    "fields": {
      "seat_group": 1,
      "performance": 9,
      "price": 1000,
      "capacity": 207
    }
  },
  {
    "model": "discounts.concessiontype",
    "pk": 1,
    "fields": {
      "name": "Adult",
      "description": ""
    }
  },
  {
    "model": "discounts.concessiontype",
    "pk": 2,
    "fields": {
      "name": "Student",
      "description": "Student ID required"
    }
  },
  {
    "model": "discounts.concessiontype",
    "pk": 3,
    "fields": {
      "name": "Child",
      "description": "Under 10"
    }
  },
  {
    "model": "discounts.concessiontype",
    "pk": 4,
    "fields": {
      "name": "Old Person",
      "description": "Over 60's"
    }
  },
  {
    "model": "discounts.discount",
    "pk": 1,
    "fields": {
      "name": "Adult",
      "percentage": 0.0,
      "seat_group": null,
      "performances": [
        1,
        2,
        3,
        4,
        5,
        6,
        7,
        8,
        9
      ]
    }
  },
  {
    "model": "discounts.discount",
    "pk": 2,
    "fields": {
      "name": "Child",
      "percentage": 0.3,
      "seat_group": null,
      "performances": [
        2,
        5,
        7,
        8
      ]
    }
  },
  {
    "model": "discounts.discount",
    "pk": 3,
    "fields": {
      "name": "Old Person",
      "percentage": 0.3,
      "seat_group": null,
      "performances": [
        4,
        5
      ]
    }
  },
  {
    "model": "discounts.discount",
    "pk": 5,
    "fields": {
      "name": "Student",
      "percentage": 0.2,
      "seat_group": null,
      "performances": [
        1,
        2,
        5,
        7
      ]
    }
  },
  {
    "model": "discounts.discountrequirement",
    "pk": 1,
    "fields": {
      "number": 1,
      "discount": 1,
      "concession_type": 1
    }
  },
  {
    "model": "discounts.discountrequirement",
    "pk": 2,
    "fields": {
      "number": 1,
      "discount": 2,
      "concession_type": 3
    }
  },
  {
    "model": "discounts.discountrequirement",
    "pk": 3,
    "fields": {
      "number": 1,
      "discount": 3,
      "concession_type": 4
    }
  },
  {
    "model": "discounts.discountrequirement",
    "pk": 5,
    "fields": {
      "number": 1,
      "discount": 5,
      "concession_type": 2
    }
  },
  {
    "model": "bookings.misccost",
    "pk": 1,
    "fields": {
      "name": "Theatre improvement levy",
      "description": null,
      "percentage": 0.05,
      "value": null
    }
  },
  {
    "model": "bookings.misccost",
    "pk": 2,
    "fields": {
      "name": "Booking fee",
      "description": null,
      "percentage": null,
      "value": 100.0
    }
  },
  {
    "model": "bookings.booking",
    "pk": 1,
    "fields": {
      "created_at": "2021-07-28T13:25:27.287Z",
      "updated_at": "2021-07-28T13:40:58.689Z",
      "reference": "7zDQnhisvaic",
      "user": "00000000-0000-0000-0000-000000000001",
      "creator": "00000000-0000-0000-0000-000000000001",
      "performance": 2,
      "status": "PAID",
      "admin_discount_percentage": 0.0
    }
  },
  {
    "model": "bookings.booking",
    "pk": 2,
    "fields": {
      "created_at": "2021-07-28T13:41:37.402Z",
      "updated_at": "2021-07-28T13:43:01.965Z",
      "reference": "5Qx4sK8gVqgA",
      "user": "00000000-0000-0000-0000-000000000001",
      "creator": "00000000-0000-0000-0000-000000000001",
      "performance": 5,
      "status": "PAID",
      "admin_discount_percentage": 0.0
    }
  },
  {
    "model": "bookings.booking",
    "pk": 3,
    "fields": {
      "created_at": "2021-07-28T13:45:55.201Z",
      "updated_at": "2021-07-28T13:45:55.201Z",
      "reference": "zFrzjafU3SQb",
      "user": "00000000-0000-0000-0000-000000000001",
      "creator": "00000000-0000-0000-0000-000000000001",
      "performance": 9,
      "status": "PAID",
      "admin_discount_percentage": 0.0
    }
  },
  {
    "model": "bookings.ticket",
    "pk": 1,
    "fields": {
      "seat_group": 3,
      "booking": 1,
      "concession_type": 1,
      "seat": null,
      "checked_in_at": null
    }
  },
  {
    "model": "bookings.ticket",
    "pk": 2,
    "fields": {
      "seat_group": 2,
      "booking": 1,
      "concession_type": 1,
      "seat": null,
      "checked_in_at": null
    }
  },
  {
    "model": "bookings.ticket",
    "pk": 3,
    "fields": {
      "seat_group": 5,
      "booking": 2,
      "concession_type": 1,
      "seat": null,
      "checked_in_at": "2000-01-01T00:00:00+00:00"
    }
  },
  {
    "model": "bookings.ticket",
    "pk": 4,
    "fields": {
      "seat_group": 5,
      "booking": 2,
      "concession_type": 1,
      "seat": null,
      "checked_in_at": "2000-01-01T00:00:00+00:00"
    }
  },
  {
    "model": "bookings.ticket",
    "pk": 5,
    "fields": {
      "seat_group": 5,
      "booking": 2,
      "concession_type": 1,
      "seat": null,
      "checked_in_at": "2000-01-01T00:00:00+00:00"
    }
  },
  {
    "model": "bookings.ticket",
    "pk": 6,
    "fields": {
      "seat_group": 5,
      "booking": 2,
      "concession_type": 1,
      "seat": null,
      "checked_in_at": null
    }
  },
  {
    "model": "bookings.ticket",
    "pk": 7,
    "fields": {
      "seat_group": 5,
      "booking": 2,
      "concession_type": 1,
      "seat": null,
      "checked_in_at": null
    }
  },
  {
    "model": "bookings.ticket",
    "pk": 8,
    "fields": {
      "seat_group": 5,
      "booking": 2,
      "concession_type": 1,
      "seat": null,
      "checked_in_at": null
    }
  },
  {
    "model": "bookings.ticket",
    "pk": 9,
    "fields": {
      "seat_group": 5,
      "booking": 2,
      "concession_type": 1,
      "seat": null,
      "checked_in_at": null
    }
  },
  {
    "model": "bookings.ticket",
    "pk": 10,
    "fields": {
      "seat_group": 1,
      "booking": 3,
      "concession_type": 1,
      "seat": null,
      "checked_in_at": null
    }
  }
]
